name	tissue	gender	race	project	num_samples	median_PC	median_LNC	median_EB
Brain_Hypothalamus-female-black_or_african_american_gtex	Brain_Hypothalamus	female	black_or_african_american	gtex	2	3.4633104999999995	1.94849825	1.58179
Thymus-male-asian_tcga	Thymus	male	asian	tcga	6	4.8345315	2.1419099999999998	1.6411677500000001
Artery_Coronary-female-asian_gtex	Artery_Coronary	female	asian	gtex	4	4.7972795	2.0425705	1.6871535
Colorectal-male-white_tcga	Colorectal	male	white	tcga	158	4.926171500000001	1.909128	1.5415065000000001
Brain_Cerebellum-male-white_gtex	Brain_Cerebellum	male	white	gtex	157	4.462591000000001	2.388597	1.862746
Uterus-female-black_or_african_american_tcga	Uterus	female	black_or_african_american	tcga	75	4.674768	1.9370159999999998	1.5757379999999999
Liver-male-black_or_african_american_tcga	Liver	male	black_or_african_american	tcga	14	4.5036337500000005	2.0852440000000003	1.7194542499999999
Esophagus_GastroesophagealJunction-female-asian_gtex	Esophagus_GastroesophagealJunction	female	asian	gtex	4	4.8310805000000006	2.0534495	1.6778469999999999
Bladder-male-black_or_african_american_tcga	Bladder	male	black_or_african_american	tcga	13	4.870243	1.934884	1.5584209999999998
Bone_Marrow-male-black_or_african_american_tcga	Bone_Marrow	male	black_or_african_american	tcga	7	3.050175	1.8517860000000002	1.758946
Brain_CerebellarHemisphere-female-asian_gtex	Brain_CerebellarHemisphere	female	asian	gtex	1	4.822794999999999	2.439299	1.8930515
Brain_Caudate_basalganglia_-male-white_gtex	Brain_Caudate_basalganglia_	male	white	gtex	162	3.3638545	1.94141825	1.5886425
MinorSalivaryGland-male-white_gtex	MinorSalivaryGland	male	white	gtex	95	3.8915620000000004	1.925831	1.6168685
Lung-female-asian_tcga	Lung	female	asian	tcga	6	4.373425	1.9079175	1.552104
Colon_Transverse-female-white_gtex	Colon_Transverse	female	white	gtex	125	3.973786	1.9651200000000002	1.6059725
Bladder-male-asian_tcga	Bladder	male	asian	tcga	36	4.3702682500000005	1.95656375	1.5902555
Head_and_Neck-male-white_tcga	Head_and_Neck	male	white	tcga	307	4.9389565	1.9002124999999999	1.6225684999999999
Prostate-male-asian_tcga	Prostate	male	asian	tcga	12	5.105002000000001	2.0161025	1.639149
Heart_AtrialAppendage-female-black_or_african_american_gtex	Heart_AtrialAppendage	female	black_or_african_american	gtex	22	3.3928405	1.7827860000000002	1.545883
Nerve_Tibial-male-black_or_african_american_gtex	Nerve_Tibial	male	black_or_african_american	gtex	52	4.6773715	2.0818294999999996	1.778688
Brain--_tcga	Brain			tcga	2	4.9437999999999995	1.9973515	1.62402675
Muscle_Skeletal-male-unknown_gtex	Muscle_Skeletal	male	unknown	gtex	6	3.8400274999999997	1.891373	1.6700295
Liver-male-not_reported_tcga	Liver	male	not_reported	tcga	7	4.39082	2.13143	1.7723119999999999
Muscle_Skeletal-male-black_or_african_american_gtex	Muscle_Skeletal	male	black_or_african_american	gtex	67	4.041534	1.986792	1.6400560000000002
Head_and_Neck-female-not_reported_tcga	Head_and_Neck	female	not_reported	tcga	3	4.761305	1.9116785000000003	1.711458
Bladder-female-black_or_african_american_tcga	Bladder	female	black_or_african_american	tcga	10	4.749195	2.0473149999999998	1.51888025
Thymus-male-white_tcga	Thymus	male	white	tcga	36	4.803669	2.18975675	1.6414900000000001
Thyroid-male-unknown_gtex	Thyroid	male	unknown	gtex	6	4.414481	2.0623424999999997	1.7339497499999998
Artery_Coronary-female-white_gtex	Artery_Coronary	female	white	gtex	78	4.4932545	1.9607585	1.65643
Heart_LeftVentricle-male-black_or_african_american_gtex	Heart_LeftVentricle	male	black_or_african_american	gtex	26	3.187529	1.782258	1.54945725
Brain_Putamen_basalganglia_-male-white_gtex	Brain_Putamen_basalganglia_	male	white	gtex	140	3.1246155	1.9043005	1.57264875
Colorectal-male-asian_tcga	Colorectal	male	asian	tcga	9	5.249625	1.9261110000000001	1.5767950000000002
Colon_Sigmoid-female-black_or_african_american_gtex	Colon_Sigmoid	female	black_or_african_american	gtex	15	4.512738	2.011875	1.6750525
Brain_Putamen_basalganglia_-male-black_or_african_american_gtex	Brain_Putamen_basalganglia_	male	black_or_african_american	gtex	15	3.2105734999999997	1.9487189999999999	1.591269
Pancreas-female-not_reported_tcga	Pancreas	female	not_reported	tcga	3	4.290668	1.826546	1.54457
Head_and_Neck-male-asian_tcga	Head_and_Neck	male	asian	tcga	6	5.1111485000000005	1.9709664999999998	1.671029
Prostate-male-white_tcga	Prostate	male	white	tcga	415	4.982429	2.030156	1.617949
Brain_FrontalCortex_BA9_-female-white_gtex	Brain_FrontalCortex_BA9_	female	white	gtex	52	4.00529375	2.016737	1.61046475
Esophagus_GastroesophagealJunction-female-white_gtex	Esophagus_GastroesophagealJunction	female	white	gtex	107	4.392289	2.023225	1.6500095
Brain_CerebellarHemisphere-female-white_gtex	Brain_CerebellarHemisphere	female	white	gtex	52	4.57972125	2.408566	1.8665720000000001
Brain_Amygdala-male-white_gtex	Brain_Amygdala	male	white	gtex	98	3.134398	1.9039565	1.569251
Colon_Transverse-female-asian_gtex	Colon_Transverse	female	asian	gtex	4	4.100697	1.9235885000000001	1.5865169999999997
MinorSalivaryGland-male-asian_gtex	MinorSalivaryGland	male	asian	gtex	1	3.7203349999999995	1.892841	1.5772110000000001
Lung-female-white_tcga	Lung	female	white	tcga	319	4.511981	1.82328	1.492174
Bladder-male-white_tcga	Bladder	male	white	tcga	246	4.63581825	1.96862675	1.5267595
Esophagus_GastroesophagealJunction-male-white_gtex	Esophagus_GastroesophagealJunction	male	white	gtex	208	4.295796	1.9985345000000003	1.6707727499999998
Soft_Tissue-female-not_reported_tcga	Soft_Tissue	female	not_reported	tcga	7	5.264911	1.9557189999999998	1.569542
Bladder-female-not_reported_tcga	Bladder	female	not_reported	tcga	7	4.781261	2.0283239999999996	1.5680035
Breast_MammaryTissue-male-asian_gtex	Breast_MammaryTissue	male	asian	gtex	4	4.1267175	1.9660319999999998	1.6825795000000001
Heart_AtrialAppendage-male-unknown_gtex	Heart_AtrialAppendage	male	unknown	gtex	2	3.429604	1.9177760000000001	1.5966532500000001
WholeBlood-male-white_gtex	WholeBlood	male	white	gtex	427	2.75579	2.030936	1.7620575
MinorSalivaryGland-female-black_or_african_american_gtex	MinorSalivaryGland	female	black_or_african_american	gtex	10	4.0346955	1.9145105	1.6297402499999998
Brain_Spinalcord_cervicalc_1_-female-white_gtex	Brain_Spinalcord_cervicalc_1_	female	white	gtex	51	3.6509129999999996	1.952226	1.6355
Adipose_Visceral_Omentum_-male-asian_gtex	Adipose_Visceral_Omentum_	male	asian	gtex	5	4.4113465000000005	1.9545705	1.6640385000000002
Breast-female-black_or_african_american_tcga	Breast	female	black_or_african_american	tcga	181	4.839585	1.881416	1.507217
Adipose_Visceral_Omentum_-female-unknown_gtex	Adipose_Visceral_Omentum_	female	unknown	gtex	1	4.747342	2.101008	1.649823
Soft_Tissue-female-asian_tcga	Soft_Tissue	female	asian	tcga	6	5.141444999999999	1.8740295	1.5485
Lung-female-white_gtex	Lung	female	white	gtex	154	4.3892955	2.035252	1.709259
Cells_Culturedfibroblasts-male-unknown_gtex	Cells_Culturedfibroblasts	male	unknown	gtex	2	4.56743725	1.9748952499999999	1.671079
Bladder-male-white_gtex	Bladder	male	white	gtex	12	4.434037999999999	2.038317	1.6625480000000001
Brain_Caudate_basalganglia_-female-black_or_african_american_gtex	Brain_Caudate_basalganglia_	female	black_or_african_american	gtex	6	3.137317	1.910504	1.5735995
Colorectal--_tcga	Colorectal			tcga	3	4.9437695	2.0589515	1.56796
Brain_Hypothalamus-male-black_or_african_american_gtex	Brain_Hypothalamus	male	black_or_african_american	gtex	13	3.8760510000000004	2.0288399999999998	1.594989
Prostate-male-white_gtex	Prostate	male	white	gtex	204	4.24353775	2.116739	1.6708184999999998
Artery_Coronary-male-asian_gtex	Artery_Coronary	male	asian	gtex	2	4.5631432499999995	1.9968854999999999	1.631096
WholeBlood-male-asian_gtex	WholeBlood	male	asian	gtex	4	2.7273195	2.12104125	1.80672975
Colorectal-male-not_reported_tcga	Colorectal	male	not_reported	tcga	15	4.884176999999999	1.8943459999999999	1.557353
Uterus-female-black_or_african_american_gtex	Uterus	female	black_or_african_american	gtex	25	4.717013	2.062067	1.7253889999999998
Brain_Spinalcord_cervicalc_1_-female-asian_gtex	Brain_Spinalcord_cervicalc_1_	female	asian	gtex	1	2.5222955000000002	1.836702	1.4953485
Liver-male-black_or_african_american_gtex	Liver	male	black_or_african_american	gtex	16	3.4397124999999997	1.8760385	1.7357885
Cervix-female-black_or_african_american_tcga	Cervix	female	black_or_african_american	tcga	31	4.934554	1.962543	1.5638035000000001
Adipose_Visceral_Omentum_-male-white_gtex	Adipose_Visceral_Omentum_	male	white	gtex	318	4.2277640000000005	1.8765375	1.6463164999999997
Uterus-female-native_hawaiian_or_other_pacific_islander_tcga	Uterus	female	native_hawaiian_or_other_pacific_islander	tcga	3	4.490231	2.080046	1.614225
Esophagus_GastroesophagealJunction-male-asian_gtex	Esophagus_GastroesophagealJunction	male	asian	gtex	4	4.456661499999999	2.064378	1.6907830000000001
Nerve_Tibial-male-unknown_gtex	Nerve_Tibial	male	unknown	gtex	6	4.646426999999999	2.0936105	1.785502
MinorSalivaryGland-male-black_or_african_american_gtex	MinorSalivaryGland	male	black_or_african_american	gtex	17	3.8505565000000006	1.885509	1.585405
Breast_MammaryTissue-male-white_gtex	Breast_MammaryTissue	male	white	gtex	253	4.1405075	1.908432	1.6457165
Prostate-male-asian_gtex	Prostate	male	asian	gtex	3	4.274593	2.053426	1.683761
Esophagus_GastroesophagealJunction-male-american_indian_or_alaska_native_gtex	Esophagus_GastroesophagealJunction	male	american_indian_or_alaska_native	gtex	1	4.6709985	1.9748279999999998	1.600244
Nerve_Tibial-female-unknown_gtex	Nerve_Tibial	female	unknown	gtex	1	4.110025	2.198341	1.777122
Artery_Coronary-male-white_gtex	Artery_Coronary	male	white	gtex	123	4.4659914999999994	1.9773330000000002	1.664889
Bladder-male-black_or_african_american_gtex	Bladder	male	black_or_african_american	gtex	2	4.5271965	2.0538447499999997	1.66101475
AdrenalGland-female-black_or_african_american_gtex	AdrenalGland	female	black_or_african_american	gtex	11	4.213186	1.9028269999999998	1.611011
Soft_Tissue-female-white_tcga	Soft_Tissue	female	white	tcga	115	4.9492575	1.8685080000000003	1.5243349999999998
Lung-female-asian_gtex	Lung	female	asian	gtex	4	4.3695705	2.0665975000000003	1.7276455
FallopianTube-female-white_gtex	FallopianTube	female	white	gtex	7	4.429301000000001	2.129683	1.710777
Breast_MammaryTissue-female-white_gtex	Breast_MammaryTissue	female	white	gtex	136	4.2178995	1.98850125	1.6624504999999998
Brain_Anteriorcingulatecortex_BA24_-male-white_gtex	Brain_Anteriorcingulatecortex_BA24_	male	white	gtex	116	3.49830325	1.93061825	1.578943
Head_and_Neck-male-not_reported_tcga	Head_and_Neck	male	not_reported	tcga	12	4.9054205	1.898529	1.586615
Heart_AtrialAppendage-male-white_gtex	Heart_AtrialAppendage	male	white	gtex	257	3.351546	1.8319849999999998	1.5591110000000001
Adipose_Subcutaneous-female-asian_gtex	Adipose_Subcutaneous	female	asian	gtex	5	4.544725	2.0236115	1.702395
Stomach-female-black_or_african_american_gtex	Stomach	female	black_or_african_american	gtex	17	3.7181205000000004	1.865532	1.5919005
Bone_Marrow-female-not_reported_tcga	Bone_Marrow	female	not_reported	tcga	1	2.9663385	1.9800575	1.806041
Esophagus_Muscularis-male-unknown_gtex	Esophagus_Muscularis	male	unknown	gtex	7	4.5815595	2.037336	1.643778
Esophagus-female-asian_tcga	Esophagus	female	asian	tcga	3	4.658221	1.798878	1.478982
Skin_NotSunExposed_Suprapubic_-female-white_gtex	Skin_NotSunExposed_Suprapubic_	female	white	gtex	159	4.31358	2.098406	1.702907
Brain_Caudate_basalganglia_-female-white_gtex	Brain_Caudate_basalganglia_	female	white	gtex	56	3.230458	1.928769	1.5714009999999998
Lung-male-asian_gtex	Lung	male	asian	gtex	6	4.5677585	2.0637395	1.7336645000000002
Liver-female-not_reported_tcga	Liver	female	not_reported	tcga	3	4.5070005	2.07631	1.809607
Adipose_Subcutaneous-female-white_gtex	Adipose_Subcutaneous	female	white	gtex	182	4.399303	1.9616529999999999	1.7013194999999999
Muscle_Skeletal-male-american_indian_or_alaska_native_gtex	Muscle_Skeletal	male	american_indian_or_alaska_native	gtex	1	3.9485965	2.033587	1.652015
Artery_Tibial-female-unknown_gtex	Artery_Tibial	female	unknown	gtex	1	4.974865	2.06385	1.737874
Breast_MammaryTissue-female-asian_gtex	Breast_MammaryTissue	female	asian	gtex	5	4.311272	2.0378095	1.735372
Heart_AtrialAppendage-male-asian_gtex	Heart_AtrialAppendage	male	asian	gtex	2	3.6583544999999997	1.8280379999999998	1.54920925
Brain-female-black_or_african_american_tcga	Brain	female	black_or_african_american	tcga	16	4.8554255	1.9072445	1.58318725
Brain_Caudate_basalganglia_-female-asian_gtex	Brain_Caudate_basalganglia_	female	asian	gtex	1	3.357414	1.9185915000000002	1.501487
Lung-male-white_gtex	Lung	male	white	gtex	339	4.355575	2.019275	1.7202804999999999
Brain_Hippocampus-male-black_or_african_american_gtex	Brain_Hippocampus	male	black_or_african_american	gtex	12	3.4148907499999996	1.9885030000000001	1.593325
Adrenal_Gland-male-black_or_african_american_tcga	Adrenal_Gland	male	black_or_african_american	tcga	4	4.601944250000001	1.9344554999999999	1.57354225
Esophagus-female-white_tcga	Esophagus	female	white	tcga	18	4.593142500000001	1.78938875	1.42130225
Skin_NotSunExposed_Suprapubic_-female-asian_gtex	Skin_NotSunExposed_Suprapubic_	female	asian	gtex	4	4.01931675	2.0548	1.678955
Lymph_Nodes-male-asian_tcga	Lymph_Nodes	male	asian	tcga	8	4.594467	2.02054275	1.5679605
Muscle_Skeletal-male-white_gtex	Muscle_Skeletal	male	white	gtex	462	3.8934525	1.9428089999999998	1.62753975
Bone_Marrow-male-not_reported_tcga	Bone_Marrow	male	not_reported	tcga	1	2.876468	1.952292	1.925142
Adipose_Subcutaneous-male-american_indian_or_alaska_native_gtex	Adipose_Subcutaneous	male	american_indian_or_alaska_native	gtex	1	4.4540805	2.004554	1.625348
AdrenalGland-male-black_or_african_american_gtex	AdrenalGland	male	black_or_african_american	gtex	17	4.133616	1.8938	1.6061239999999999
Artery_Tibial-female-asian_gtex	Artery_Tibial	female	asian	gtex	5	4.8834645	2.0346010000000003	1.6870479999999999
Eye-male-white_tcga	Eye	male	white	tcga	30	4.729141	2.106602	1.6851349999999998
Brain-male-white_tcga	Brain	male	white	tcga	367	4.886457	1.950364	1.594636
Lung-male-white_tcga	Lung	male	white	tcga	438	4.556197	1.82356075	1.48392125
Bone_Marrow-female-white_tcga	Bone_Marrow	female	white	tcga	60	3.020449	1.830481	1.7015850000000001
WholeBlood-female-white_gtex	WholeBlood	female	white	gtex	215	2.879067	2.0709999999999997	1.8085930000000001
Stomach-female-not_reported_tcga	Stomach	female	not_reported	tcga	16	4.345165	1.7307964999999998	1.45580675
Adrenal_Gland-female-american_indian_or_alaska_native_tcga	Adrenal_Gland	female	american_indian_or_alaska_native	tcga	1	5.5769255	2.01494	1.639895
Muscle_Skeletal-male-asian_gtex	Muscle_Skeletal	male	asian	gtex	7	4.0876475	1.9862145	1.6451189999999998
Adipose_Subcutaneous-female-unknown_gtex	Adipose_Subcutaneous	female	unknown	gtex	1	4.720533	1.930448	1.6312115
Stomach-female-black_or_african_american_tcga	Stomach	female	black_or_african_american	tcga	3	4.394861	1.878573	1.452135
Lymph_Nodes-male-white_tcga	Lymph_Nodes	male	white	tcga	14	4.53225825	2.049588	1.6465285
Lung-male-not_reported_tcga	Lung	male	not_reported	tcga	132	4.52503775	1.86143775	1.4879102499999999
Esophagus_Mucosa-male-unknown_gtex	Esophagus_Mucosa	male	unknown	gtex	5	4.262214999999999	2.00333	1.6454710000000001
Brain-male-asian_tcga	Brain	male	asian	tcga	9	5.163777	1.974627	1.590765
Bone_Marrow-female-asian_tcga	Bone_Marrow	female	asian	tcga	1	3.2828055000000003	1.993124	1.85398
Lung-male-asian_tcga	Lung	male	asian	tcga	10	4.7639335	1.8134915	1.5135679999999998
WholeBlood-female-asian_gtex	WholeBlood	female	asian	gtex	5	2.928945	1.9589395	1.8407040000000001
Esophagus_Mucosa-male-american_indian_or_alaska_native_gtex	Esophagus_Mucosa	male	american_indian_or_alaska_native	gtex	1	4.3032	1.9442430000000002	1.623413
Soft_Tissue-male-white_tcga	Soft_Tissue	male	white	tcga	115	4.9942345	1.953264	1.5626425
Artery_Tibial-female-white_gtex	Artery_Tibial	female	white	gtex	174	4.72558	2.0703007500000004	1.7048459999999999
Kidney_Cortex-male-black_or_african_american_gtex	Kidney_Cortex	male	black_or_african_american	gtex	10	3.8444227500000006	1.8521420000000002	1.58207825
Esophagus_Mucosa-male-black_or_african_american_gtex	Esophagus_Mucosa	male	black_or_african_american	gtex	49	4.194441	1.9561625	1.6540135
Lung-female-not_reported_tcga	Lung	female	not_reported	tcga	47	4.551014	1.888424	1.502681
Prostate-male-american_indian_or_alaska_native_tcga	Prostate	male	american_indian_or_alaska_native	tcga	1	4.777775	2.2373095000000003	1.720464
Colon_Sigmoid-male-black_or_african_american_gtex	Colon_Sigmoid	male	black_or_african_american	gtex	27	4.3607935	2.000191	1.6641540000000001
Esophagus_Mucosa-female-asian_gtex	Esophagus_Mucosa	female	asian	gtex	4	4.2184305	1.922223	1.6423557500000001
Adipose_Visceral_Omentum_-male-american_indian_or_alaska_native_gtex	Adipose_Visceral_Omentum_	male	american_indian_or_alaska_native	gtex	1	4.353868	1.9950095	1.6072294999999999
WholeBlood-male-unknown_gtex	WholeBlood	male	unknown	gtex	5	3.7249480000000004	2.198929	1.872266
Kidney-male-asian_tcga	Kidney	male	asian	tcga	8	4.72521	1.8305435	1.5816355
Spleen-male-american_indian_or_alaska_native_gtex	Spleen	male	american_indian_or_alaska_native	gtex	1	4.830245	2.323707	1.7235234999999998
Brain_Cortex-female-asian_gtex	Brain_Cortex	female	asian	gtex	1	3.882262	2.0083295000000003	1.593787
Colon_Sigmoid-male-asian_gtex	Colon_Sigmoid	male	asian	gtex	2	4.4432555	2.0406865	1.6774615
Pancreas-male-asian_gtex	Pancreas	male	asian	gtex	4	2.9965892499999995	1.84795125	1.5946785
Heart_AtrialAppendage-male-american_indian_or_alaska_native_gtex	Heart_AtrialAppendage	male	american_indian_or_alaska_native	gtex	1	3.335776	1.8466049999999998	1.521139
Brain_Hypothalamus-male-white_gtex	Brain_Hypothalamus	male	white	gtex	133	3.4120209999999997	1.8803	1.5569870000000001
Testis-male-not_reported_tcga	Testis	male	not_reported	tcga	5	4.903443	1.9653040000000002	1.638096
Kidney_Medulla-male-white_gtex	Kidney_Medulla	male	white	gtex	2	3.81098625	2.05249875	1.6036469999999998
Cells_Culturedfibroblasts-male-american_indian_or_alaska_native_gtex	Cells_Culturedfibroblasts	male	american_indian_or_alaska_native	gtex	2	4.807263	1.9589195000000001	1.659213
Spleen-male-asian_gtex	Spleen	male	asian	gtex	3	4.4575165000000005	2.229014	1.765954
Prostate-male-black_or_african_american_gtex	Prostate	male	black_or_african_american	gtex	31	4.3421899999999996	2.1513285	1.681413
Stomach-male-american_indian_or_alaska_native_gtex	Stomach	male	american_indian_or_alaska_native	gtex	1	3.5011265	1.891521	1.62711
Esophagus_Muscularis-male-american_indian_or_alaska_native_gtex	Esophagus_Muscularis	male	american_indian_or_alaska_native	gtex	1	4.433948	2.002222	1.594631
Artery_Tibial-male-black_or_african_american_gtex	Artery_Tibial	male	black_or_african_american	gtex	65	4.776835	2.014119	1.6923789999999999
Liver-female-white_gtex	Liver	female	white	gtex	57	3.458129	1.903314	1.7544455
Artery_Tibial-male-unknown_gtex	Artery_Tibial	male	unknown	gtex	7	4.735893	2.11892	1.724575
Colon_Sigmoid-male-white_gtex	Colon_Sigmoid	male	white	gtex	206	4.396961	2.0216925000000003	1.6764260000000002
Brain_Cortex-female-white_gtex	Brain_Cortex	female	white	gtex	66	3.7363755000000003	1.9805454999999998	1.60604025
Adrenal_Gland-male-not_reported_tcga	Adrenal_Gland	male	not_reported	tcga	7	3.8402744999999996	1.886169	1.520012
Pancreas-male-white_gtex	Pancreas	male	white	gtex	171	2.991807	1.812548	1.580558
Colorectal-female-not_reported_tcga	Colorectal	female	not_reported	tcga	10	4.91684	1.9386660000000002	1.5538530000000002
Esophagus_Muscularis-female-unknown_gtex	Esophagus_Muscularis	female	unknown	gtex	1	4.365998	1.9166905	1.633298
Pituitary-male-black_or_african_american_gtex	Pituitary	male	black_or_african_american	gtex	13	4.184419500000001	2.185505	1.69607
Esophagus_Mucosa-female-white_gtex	Esophagus_Mucosa	female	white	gtex	167	4.25991	1.9468714999999999	1.6486714999999998
Thyroid-male-black_or_african_american_tcga	Thyroid	male	black_or_african_american	tcga	6	5.04764	1.995317	1.60955375
Kidney-male-white_tcga	Kidney	male	white	tcga	504	4.5456865	1.884856	1.5653215
Cells_EBV_transformedlymphocytes-female-unknown_gtex	Cells_EBV_transformedlymphocytes	female	unknown	gtex	1	4.867339	2.0175415	1.6924400000000002
Soft_Tissue-female-black_or_african_american_tcga	Soft_Tissue	female	black_or_african_american	tcga	16	5.11294425	1.87586275	1.57058
Eye-female-white_tcga	Eye	female	white	tcga	25	4.3697875	2.0299955	1.61941
Breast_MammaryTissue-female-black_or_african_american_gtex	Breast_MammaryTissue	female	black_or_african_american	gtex	26	4.31600975	1.97933875	1.6689205
Ovary-female-black_or_african_american_tcga	Ovary	female	black_or_african_american	tcga	25	4.312666500000001	1.8696	1.509185
Liver-female-asian_gtex	Liver	female	asian	gtex	3	3.6824529999999998	1.9420229999999998	1.7424315
Pancreas-female-black_or_african_american_tcga	Pancreas	female	black_or_african_american	tcga	3	4.673517500000001	1.8953925000000003	1.5207915
Brain_Amygdala-male-black_or_african_american_gtex	Brain_Amygdala	male	black_or_african_american	gtex	8	3.7785135	2.03706525	1.6147632500000002
Spleen-male-white_gtex	Spleen	male	white	gtex	125	4.51958	2.221521	1.7517695
Cells_Culturedfibroblasts-female-unknown_gtex	Cells_Culturedfibroblasts	female	unknown	gtex	1	5.2477540000000005	1.941179	1.628531
Thyroid-male-black_or_african_american_gtex	Thyroid	male	black_or_african_american	gtex	48	4.478113500000001	2.1716724999999997	1.7704275
Brain_Amygdala-female-white_gtex	Brain_Amygdala	female	white	gtex	41	3.284966	1.944977	1.579968
Esophagus_Muscularis-female-white_gtex	Esophagus_Muscularis	female	white	gtex	150	4.3904755	1.994043	1.6537495
Pancreas-male-white_tcga	Pancreas	male	white	tcga	89	4.6657575	1.8803044999999998	1.518037
Skin_NotSunExposed_Suprapubic_-male-unknown_gtex	Skin_NotSunExposed_Suprapubic_	male	unknown	gtex	7	4.1490055	1.9793705	1.6480990000000002
Uterus-female-not_reported_tcga	Uterus	female	not_reported	tcga	21	4.675971	1.9902410000000001	1.6405279999999998
Adipose_Visceral_Omentum_-female-black_or_african_american_gtex	Adipose_Visceral_Omentum_	female	black_or_african_american	gtex	24	4.243064	1.85581525	1.6270235
Pancreas-female-black_or_african_american_gtex	Pancreas	female	black_or_african_american	gtex	17	3.0150215	1.7931925	1.5830825
Breast_MammaryTissue-male-unknown_gtex	Breast_MammaryTissue	male	unknown	gtex	4	4.413625	1.917758	1.626621
Brain_Cerebellum-female-asian_gtex	Brain_Cerebellum	female	asian	gtex	1	4.445166499999999	2.18065	1.7033599999999998
Breast-male-not_reported_tcga	Breast	male	not_reported	tcga	1	5.331407	1.989975	1.6846035
Ovary-female-black_or_african_american_gtex	Ovary	female	black_or_african_american	gtex	27	4.5146385	2.13007	1.749348
Liver-female-asian_tcga	Liver	female	asian	tcga	34	4.2492485	2.035313	1.6965845000000002
Esophagus_Muscularis-female-asian_gtex	Esophagus_Muscularis	female	asian	gtex	2	4.5178245	2.1120227500000004	1.7009050000000001
Esophagus-male-black_or_african_american_tcga	Esophagus	male	black_or_african_american	tcga	6	4.6084274999999995	1.8255115	1.4620739999999999
Pancreas-male-asian_tcga	Pancreas	male	asian	tcga	5	4.6975195	1.959936	1.5428035
Brain_Anteriorcingulatecortex_BA24_-male-black_or_african_american_gtex	Brain_Anteriorcingulatecortex_BA24_	male	black_or_african_american	gtex	11	3.748582	2.0359245	1.562283
Brain_Cortex-male-white_gtex	Brain_Cortex	male	white	gtex	164	3.7424862500000002	1.9564135	1.6038975
Prostate-male-american_indian_or_alaska_native_gtex	Prostate	male	american_indian_or_alaska_native	gtex	1	4.458605	2.0569405	1.6571995
Prostate-male-black_or_african_american_tcga	Prostate	male	black_or_african_american	tcga	58	4.7975545	1.998211	1.6289225
Brain_Cerebellum-female-white_gtex	Brain_Cerebellum	female	white	gtex	61	4.4037545	2.365487	1.8509945
Brain_Substantianigra-male-white_gtex	Brain_Substantianigra	male	white	gtex	89	3.204573	1.874886	1.6135835
Liver-female-white_tcga	Liver	female	white	tcga	81	4.320951	1.9062970000000001	1.710443
Adipose_Subcutaneous-male-unknown_gtex	Adipose_Subcutaneous	male	unknown	gtex	6	4.4697955	1.983043	1.6728200000000002
Testis-male-asian_tcga	Testis	male	asian	tcga	4	4.8645119999999995	1.9232040000000001	1.61998725
Cervix-female-native_hawaiian_or_other_pacific_islander_tcga	Cervix	female	native_hawaiian_or_other_pacific_islander	tcga	2	5.020689000000001	2.055987	1.62523975
WholeBlood-female-unknown_gtex	WholeBlood	female	unknown	gtex	1	2.6711685	1.9210280000000002	1.746429
Brain_Nucleusaccumbens_basalganglia_-male-american_indian_or_alaska_native_gtex	Brain_Nucleusaccumbens_basalganglia_	male	american_indian_or_alaska_native	gtex	1	2.194963	1.68525	1.457338
Brain_CerebellarHemisphere-male-black_or_african_american_gtex	Brain_CerebellarHemisphere	male	black_or_african_american	gtex	17	4.932888999999999	2.395061	1.8809509999999998
Testis--_tcga	Testis			tcga	17	4.6141155	1.93725	1.526635
Esophagus_Muscularis-male-asian_gtex	Esophagus_Muscularis	male	asian	gtex	5	4.343945	2.1054035000000004	1.6871785
Lung-male-unknown_gtex	Lung	male	unknown	gtex	3	4.751825	2.0665625	1.69992
Cells_Culturedfibroblasts-female-white_gtex	Cells_Culturedfibroblasts	female	white	gtex	150	4.871922	1.9002364999999999	1.6239445
Stomach-male-not_reported_tcga	Stomach	male	not_reported	tcga	35	4.3289550000000006	1.7770759999999999	1.459475
Testis-male-unknown_gtex	Testis	male	unknown	gtex	6	4.2686835	2.2455584999999996	1.6335775
Cells_Culturedfibroblasts-male-black_or_african_american_gtex	Cells_Culturedfibroblasts	male	black_or_african_american	gtex	40	4.875095	1.8818535	1.6179315
Heart_AtrialAppendage-female-white_gtex	Heart_AtrialAppendage	female	white	gtex	111	3.364662	1.8518685	1.5723770000000001
Heart_LeftVentricle-female-black_or_african_american_gtex	Heart_LeftVentricle	female	black_or_african_american	gtex	16	3.3008825	1.855054	1.6192237500000002
Colon_Transverse-female-unknown_gtex	Colon_Transverse	female	unknown	gtex	1	4.361089	2.0808055000000003	1.6399555000000001
Brain_Substantianigra-male-black_or_african_american_gtex	Brain_Substantianigra	male	black_or_african_american	gtex	11	3.3723355	1.8728029999999998	1.604158
Ovary-female-not_reported_tcga	Ovary	female	not_reported	tcga	11	4.062151	1.8166935	1.533194
Thyroid-female-white_tcga	Thyroid	female	white	tcga	245	4.958203	1.964954	1.6278620000000001
Nerve_Tibial-female-asian_gtex	Nerve_Tibial	female	asian	gtex	4	4.630182	2.1258850000000002	1.7663075
Lung-male-black_or_african_american_tcga	Lung	male	black_or_african_american	tcga	40	4.482808	1.8139844999999999	1.491511
Esophagus_Muscularis-male-white_gtex	Esophagus_Muscularis	male	white	gtex	285	4.316468	2.019773	1.660655
Cells_Culturedfibroblasts-female-asian_gtex	Cells_Culturedfibroblasts	female	asian	gtex	2	4.880685000000001	1.9758725	1.57637625
Skin_SunExposed_Lowerleg_-female-black_or_african_american_gtex	Skin_SunExposed_Lowerleg_	female	black_or_african_american	gtex	29	4.457307	2.0252725	1.6800439999999999
Testis-male-white_tcga	Testis	male	white	tcga	124	4.6237975	1.9443365000000001	1.60046025
Brain_Substantianigra-female-black_or_african_american_gtex	Brain_Substantianigra	female	black_or_african_american	gtex	3	3.3546009999999997	1.938337	1.6062235
Nerve_Tibial-female-white_gtex	Nerve_Tibial	female	white	gtex	166	4.5904240000000005	2.07395675	1.7800455000000002
Thyroid-female-asian_tcga	Thyroid	female	asian	tcga	38	5.00680825	1.9405705	1.6177865
Brain-female-not_reported_tcga	Brain	female	not_reported	tcga	7	4.882784	2.0641985	1.595747
WholeBlood-female-black_or_african_american_gtex	WholeBlood	female	black_or_african_american	gtex	33	2.9098405	1.9525830000000002	1.7720360000000002
Heart_AtrialAppendage-female-asian_gtex	Heart_AtrialAppendage	female	asian	gtex	3	3.347164	1.7925215	1.5625145
Esophagus-female-not_reported_tcga	Esophagus	female	not_reported	tcga	2	4.309326	2.047289	1.5072035
Adipose_Subcutaneous-male-asian_gtex	Adipose_Subcutaneous	male	asian	gtex	7	4.573867	2.023476	1.7003080000000002
AdrenalGland-male-american_indian_or_alaska_native_gtex	AdrenalGland	male	american_indian_or_alaska_native	gtex	1	3.8390250000000004	1.8920290000000002	1.549817
Adipose_Subcutaneous-male-black_or_african_american_gtex	Adipose_Subcutaneous	male	black_or_african_american	gtex	54	4.5713775000000005	1.9870602499999999	1.6893735
Testis-male-white_gtex	Testis	male	white	gtex	310	4.15056025	2.2668895	1.6388
Lung-male-black_or_african_american_gtex	Lung	male	black_or_african_american	gtex	46	4.467752	2.0875475	1.7066702500000002
Cervix-female-american_indian_or_alaska_native_tcga	Cervix	female	american_indian_or_alaska_native	tcga	7	5.2955475	2.098451	1.6141975
Kidney-male-american_indian_or_alaska_native_tcga	Kidney	male	american_indian_or_alaska_native	tcga	2	4.861506	2.0376235000000005	1.7134755
Colon_Transverse-male-unknown_gtex	Colon_Transverse	male	unknown	gtex	5	4.093198	1.9551779999999999	1.6154110000000002
Muscle_Skeletal-female-asian_gtex	Muscle_Skeletal	female	asian	gtex	5	4.264101999999999	2.039743	1.6318104999999998
Thyroid-female-asian_gtex	Thyroid	female	asian	gtex	5	4.4366605	2.1825435	1.730839
Cells_EBV_transformedlymphocytes-male-black_or_african_american_gtex	Cells_EBV_transformedlymphocytes	male	black_or_african_american	gtex	24	4.769539	1.99770525	1.683917
Bile_Duct-female-asian_tcga	Bile_Duct	female	asian	tcga	1	5.16639	2.056484	1.6806860000000001
Kidney-male-black_or_african_american_tcga	Kidney	male	black_or_african_american	tcga	70	4.530711	1.9356195	1.565129
Esophagus_GastroesophagealJunction-male-unknown_gtex	Esophagus_GastroesophagealJunction	male	unknown	gtex	6	4.506832	2.0133385	1.697586
Adipose_Subcutaneous-male-white_gtex	Adipose_Subcutaneous	male	white	gtex	377	4.453106	1.96753	1.695293
Testis-male-asian_gtex	Testis	male	asian	gtex	4	4.1380595	2.1757635000000004	1.6229635
Eye-female-not_reported_tcga	Eye	female	not_reported	tcga	10	4.8173865	2.0904730000000002	1.67785025
WholeBlood-male-american_indian_or_alaska_native_gtex	WholeBlood	male	american_indian_or_alaska_native	gtex	2	2.878105	1.9681225	1.815391
Breast-male-white_tcga	Breast	male	white	tcga	8	5.41883525	1.9972925	1.57829325
Artery_Coronary-male-unknown_gtex	Artery_Coronary	male	unknown	gtex	2	4.410493499999999	2.093615	1.697473
Thyroid-female-white_gtex	Thyroid	female	white	gtex	186	4.38428525	2.196326	1.7573720000000002
Bile_Duct-female-white_tcga	Bile_Duct	female	white	tcga	17	4.764227	1.975097	1.577644
Head_and_Neck-female-black_or_african_american_tcga	Head_and_Neck	female	black_or_african_american	tcga	7	4.9752125	1.959006	1.626033
Artery_Coronary-male-black_or_african_american_gtex	Artery_Coronary	male	black_or_african_american	gtex	19	4.422847	1.9873455	1.6728490000000003
Muscle_Skeletal-female-white_gtex	Muscle_Skeletal	female	white	gtex	219	3.9269220000000002	1.9838040000000001	1.644138
Brain-male-not_reported_tcga	Brain	male	not_reported	tcga	5	4.9776155	2.0962945	1.6475799999999998
Soft_Tissue-male-black_or_african_american_tcga	Soft_Tissue	male	black_or_african_american	tcga	2	4.647209999999999	2.058041	1.57255875
Colon_Sigmoid-male-unknown_gtex	Colon_Sigmoid	male	unknown	gtex	5	4.506571	2.0284519999999997	1.6839110000000002
Skin-male-not_reported_tcga	Skin	male	not_reported	tcga	5	4.8447065	2.0041759999999997	1.5970105
Breast-female-white_tcga	Breast	female	white	tcga	759	5.163918499999999	1.8726695	1.531419
Skin-female-not_reported_tcga	Skin	female	not_reported	tcga	5	4.879479	1.884581	1.557612
Brain_Nucleusaccumbens_basalganglia_-male-white_gtex	Brain_Nucleusaccumbens_basalganglia_	male	white	gtex	162	3.4942279999999997	1.943739	1.57986525
Skin_NotSunExposed_Suprapubic_-male-black_or_african_american_gtex	Skin_NotSunExposed_Suprapubic_	male	black_or_african_american	gtex	48	4.1764434999999995	2.0752945	1.644377
Testis-male-american_indian_or_alaska_native_gtex	Testis	male	american_indian_or_alaska_native	gtex	2	4.13951525	2.3912015	1.65719225
Brain_Cortex-male-black_or_african_american_gtex	Brain_Cortex	male	black_or_african_american	gtex	17	3.9832720000000004	2.0025905	1.620336
Spleen-male-unknown_gtex	Spleen	male	unknown	gtex	2	4.563471999999999	2.2409915	1.75391
Ovary-female-american_indian_or_alaska_native_tcga	Ovary	female	american_indian_or_alaska_native	tcga	2	4.3423105	1.80773275	1.4866110000000001
Ovary-female-white_gtex	Ovary	female	white	gtex	147	4.4064654999999995	2.1040565	1.7568400000000002
Skin_SunExposed_Lowerleg_-female-white_gtex	Skin_SunExposed_Lowerleg_	female	white	gtex	200	4.3927565	2.07664	1.705366
Skin_NotSunExposed_Suprapubic_-male-asian_gtex	Skin_NotSunExposed_Suprapubic_	male	asian	gtex	5	4.150511	2.02578	1.6477950000000001
Artery_Aorta-male-unknown_gtex	Artery_Aorta	male	unknown	gtex	3	4.665605	2.0075570000000003	1.6916055
Skin_SunExposed_Lowerleg_-male-asian_gtex	Skin_SunExposed_Lowerleg_	male	asian	gtex	6	4.420943	2.0419595	1.7160250000000001
Skin_NotSunExposed_Suprapubic_-female-unknown_gtex	Skin_NotSunExposed_Suprapubic_	female	unknown	gtex	1	4.7463370000000005	2.1464735	1.7790404999999998
Head_and_Neck-male-american_indian_or_alaska_native_tcga	Head_and_Neck	male	american_indian_or_alaska_native	tcga	2	4.83682075	1.8826175	1.6292545
Artery_Tibial-male-american_indian_or_alaska_native_gtex	Artery_Tibial	male	american_indian_or_alaska_native	gtex	1	4.781981	2.010857	1.7221360000000001
Muscle_Skeletal-female-unknown_gtex	Muscle_Skeletal	female	unknown	gtex	1	3.600736	1.9413895	1.6265075
Artery_Aorta-male-american_indian_or_alaska_native_gtex	Artery_Aorta	male	american_indian_or_alaska_native	gtex	1	4.7061305	2.0375755	1.643843
Adipose_Visceral_Omentum_-male-black_or_african_american_gtex	Adipose_Visceral_Omentum_	male	black_or_african_american	gtex	40	4.167563	1.8599735000000002	1.6044209999999999
SmallIntestine_TerminalIleum-male-black_or_african_american_gtex	SmallIntestine_TerminalIleum	male	black_or_african_american	gtex	20	4.063071	2.029249	1.678667
Soft_Tissue-male-not_reported_tcga	Soft_Tissue	male	not_reported	tcga	2	5.3575219999999995	2.143807	1.66646675
Breast-female-asian_tcga	Breast	female	asian	tcga	61	5.161674	1.907525	1.5472700000000001
Spleen-male-black_or_african_american_gtex	Spleen	male	black_or_african_american	gtex	23	4.46466	2.226009	1.781088
Colon_Sigmoid-female-unknown_gtex	Colon_Sigmoid	female	unknown	gtex	1	4.690814	2.156769	1.7445529999999998
Kidney_Cortex-female-white_gtex	Kidney_Cortex	female	white	gtex	18	3.2810795	1.857427	1.5681559999999999
Pancreas-male-not_reported_tcga	Pancreas	male	not_reported	tcga	1	5.649667	1.9583139999999999	1.5281759999999998
Skin_NotSunExposed_Suprapubic_-male-white_gtex	Skin_NotSunExposed_Suprapubic_	male	white	gtex	351	4.2436395000000005	2.121167	1.693887
Heart_AtrialAppendage-male-black_or_african_american_gtex	Heart_AtrialAppendage	male	black_or_african_american	gtex	31	3.4263214999999994	1.82671	1.539615
Ovary-female-asian_gtex	Ovary	female	asian	gtex	5	4.6227800000000006	2.0405905	1.731295
Skin_SunExposed_Lowerleg_-female-asian_gtex	Skin_SunExposed_Lowerleg_	female	asian	gtex	4	4.346120000000001	2.0629675	1.6770245
Cervix_Endocervix-female-black_or_african_american_gtex	Cervix_Endocervix	female	black_or_african_american	gtex	2	4.592304	2.096331	1.70107725
Stomach-male-unknown_gtex	Stomach	male	unknown	gtex	5	4.1650089999999995	1.9200830000000002	1.611284
Lymph_Nodes-female-black_or_african_american_tcga	Lymph_Nodes	female	black_or_african_american	tcga	1	4.5360830000000005	2.362602	1.613025
Skin_SunExposed_Lowerleg_-male-white_gtex	Skin_SunExposed_Lowerleg_	male	white	gtex	397	4.363544	2.0555395	1.7026904999999999
FallopianTube-female-black_or_african_american_gtex	FallopianTube	female	black_or_african_american	gtex	2	4.5983635	2.0656	1.6506805
Pleura-female-white_tcga	Pleura	female	white	tcga	14	4.791786	1.89234025	1.553948
Thyroid-male-not_reported_tcga	Thyroid	male	not_reported	tcga	28	4.9137085	1.9988920000000001	1.6417475000000001
Breast_MammaryTissue-female-unknown_gtex	Breast_MammaryTissue	female	unknown	gtex	1	4.638996	2.031942	1.713891
Pituitary-male-white_gtex	Pituitary	male	white	gtex	191	4.0497235	2.196697	1.686648
Brain_Nucleusaccumbens_basalganglia_-female-black_or_african_american_gtex	Brain_Nucleusaccumbens_basalganglia_	female	black_or_african_american	gtex	4	3.6716627500000003	1.9218202500000001	1.572823
Ovary-female-asian_tcga	Ovary	female	asian	tcga	12	4.1713155	1.8013705	1.4611895000000001
Colon_Transverse-male-asian_gtex	Colon_Transverse	male	asian	gtex	4	4.272192499999999	1.9128545000000001	1.5995295
Brain_Amygdala-female-black_or_african_american_gtex	Brain_Amygdala	female	black_or_african_american	gtex	4	2.736721	1.8738975	1.552308
Pancreas-male-unknown_gtex	Pancreas	male	unknown	gtex	5	3.0740049999999997	1.833662	1.589385
Nerve_Tibial-male-american_indian_or_alaska_native_gtex	Nerve_Tibial	male	american_indian_or_alaska_native	gtex	1	4.642369	2.029007	1.6843455
Cervix-female-not_reported_tcga	Cervix	female	not_reported	tcga	36	4.898822	2.00390375	1.53437375
Colon_Transverse-female-black_or_african_american_gtex	Colon_Transverse	female	black_or_african_american	gtex	17	4.125497	1.958475	1.633498
Artery_Aorta-male-black_or_african_american_gtex	Artery_Aorta	male	black_or_african_american	gtex	27	4.655653	2.0015959999999997	1.695339
Liver-female-unknown_gtex	Liver	female	unknown	gtex	1	3.403853	1.967714	1.690233
Artery_Coronary-female-black_or_african_american_gtex	Artery_Coronary	female	black_or_african_american	gtex	11	4.44835	1.959864	1.6383510000000001
Skin_SunExposed_Lowerleg_-female-unknown_gtex	Skin_SunExposed_Lowerleg_	female	unknown	gtex	1	4.409274	1.9251029999999998	1.602296
Breast-female-not_reported_tcga	Breast	female	not_reported	tcga	93	5.241846499999999	1.871032	1.545544
Bladder-male-not_reported_tcga	Bladder	male	not_reported	tcga	10	4.8238970000000005	1.99372025	1.5680285
Ovary-female-white_tcga	Ovary	female	white	tcga	327	3.9238475	1.826186	1.5280635
Colon_Transverse-male-white_gtex	Colon_Transverse	male	white	gtex	209	4.0020495	1.963368	1.597038
Thymus-male-not_reported_tcga	Thymus	male	not_reported	tcga	2	4.83644	2.1024207500000003	1.6082565
SmallIntestine_TerminalIleum-male-white_gtex	SmallIntestine_TerminalIleum	male	white	gtex	96	4.0344245	1.9286370000000002	1.6306734999999999
MinorSalivaryGland-female-white_gtex	MinorSalivaryGland	female	white	gtex	36	3.9907925	1.89876325	1.6007765
Brain_Anteriorcingulatecortex_BA24_-female-black_or_african_american_gtex	Brain_Anteriorcingulatecortex_BA24_	female	black_or_african_american	gtex	2	2.90329225	1.9851165	1.5381425
Lung-female-black_or_african_american_tcga	Lung	female	black_or_african_american	tcga	45	4.197878	1.7855444999999999	1.4887110000000001
Cells_EBV_transformedlymphocytes-male-white_gtex	Cells_EBV_transformedlymphocytes	male	white	gtex	87	4.759849	2.0082174999999998	1.677475
Skin_SunExposed_Lowerleg_-male-black_or_african_american_gtex	Skin_SunExposed_Lowerleg_	male	black_or_african_american	gtex	58	4.3130645	2.055776	1.6711855
Adipose_Visceral_Omentum_-female-white_gtex	Adipose_Visceral_Omentum_	female	white	gtex	140	4.1657185	1.9226715	1.602827
Brain_Spinalcord_cervicalc_1_-male-black_or_african_american_gtex	Brain_Spinalcord_cervicalc_1_	male	black_or_african_american	gtex	7	3.8478230000000004	1.9834349999999998	1.627394
Bladder-female-asian_tcga	Bladder	female	asian	tcga	8	4.444064	1.9678	1.575423
Thyroid-male-white_gtex	Thyroid	male	white	gtex	372	4.4727645	2.1866079999999997	1.771162
Lung-female-unknown_gtex	Lung	female	unknown	gtex	1	4.8898839999999995	2.0916515	1.6920775
SmallIntestine_TerminalIleum-female-black_or_african_american_gtex	SmallIntestine_TerminalIleum	female	black_or_african_american	gtex	8	3.8989805000000004	1.9914649999999998	1.6302392500000003
AdrenalGland-female-asian_gtex	AdrenalGland	female	asian	gtex	3	4.4244595	1.8990790000000002	1.603321
Heart_LeftVentricle-male-american_indian_or_alaska_native_gtex	Heart_LeftVentricle	male	american_indian_or_alaska_native	gtex	1	3.542139	1.884826	1.615609
Breast_MammaryTissue-male-black_or_african_american_gtex	Breast_MammaryTissue	male	black_or_african_american	gtex	30	4.2825515	1.954544	1.671201
Cervix_Endocervix-female-white_gtex	Cervix_Endocervix	female	white	gtex	7	4.648051499999999	2.12768	1.705677
Cells_EBV_transformedlymphocytes-male-american_indian_or_alaska_native_gtex	Cells_EBV_transformedlymphocytes	male	american_indian_or_alaska_native	gtex	1	4.368371	2.0752569999999997	1.7820029999999998
Stomach-male-black_or_african_american_gtex	Stomach	male	black_or_african_american	gtex	34	3.53879	1.7916005	1.562591
Skin-female-white_tcga	Skin	female	white	tcga	168	4.970197	1.992945	1.5654355
Pancreas-male-american_indian_or_alaska_native_gtex	Pancreas	male	american_indian_or_alaska_native	gtex	1	3.7897875	1.9313	1.604375
Brain_Spinalcord_cervicalc_1_-female-black_or_african_american_gtex	Brain_Spinalcord_cervicalc_1_	female	black_or_african_american	gtex	5	3.763324	1.974864	1.626926
Cervix-female-asian_tcga	Cervix	female	asian	tcga	20	4.956841	1.9803889999999997	1.535471
Adipose_Visceral_Omentum_-female-asian_gtex	Adipose_Visceral_Omentum_	female	asian	gtex	4	4.0767545	1.88471675	1.59486575
Kidney-female-not_reported_tcga	Kidney	female	not_reported	tcga	4	4.505380000000001	1.9084025	1.5599082499999999
Breast-male-black_or_african_american_tcga	Breast	male	black_or_african_american	tcga	3	4.852002000000001	2.1954475	1.669635
Bladder-female-white_tcga	Bladder	female	white	tcga	84	4.643924500000001	1.9562335	1.5375444999999999
Thyroid-male-asian_gtex	Thyroid	male	asian	gtex	7	4.466823	2.215655	1.7427995
AdrenalGland-female-white_gtex	AdrenalGland	female	white	gtex	87	4.112118	1.9491889999999998	1.5969535000000001
SmallIntestine_TerminalIleum-male-asian_gtex	SmallIntestine_TerminalIleum	male	asian	gtex	2	4.14206625	1.9481465	1.6149835
Skin-female-asian_tcga	Skin	female	asian	tcga	5	5.063911	1.9238279999999999	1.558597
Pancreas-female-unknown_gtex	Pancreas	female	unknown	gtex	1	2.708939	1.8140899999999998	1.5549460000000002
Cervix-female-white_tcga	Cervix	female	white	tcga	210	4.937450999999999	2.0601985	1.5280649999999998
Head_and_Neck-male-black_or_african_american_tcga	Head_and_Neck	male	black_or_african_american	tcga	40	4.953234500000001	1.9161925	1.6220667500000001
Adrenal_Gland-female-asian_tcga	Adrenal_Gland	female	asian	tcga	5	4.6142885	1.9912035000000001	1.571338
Muscle_Skeletal-female-black_or_african_american_gtex	Muscle_Skeletal	female	black_or_african_american	gtex	35	4.019218	1.993683	1.627661
Skin-male-white_tcga	Skin	male	white	tcga	280	5.115902500000001	1.9041377499999999	1.561585
Brain_FrontalCortex_BA9_-male-black_or_african_american_gtex	Brain_FrontalCortex_BA9_	male	black_or_african_american	gtex	17	4.362841	2.0403605000000002	1.6445604999999999
Thyroid-female-not_reported_tcga	Thyroid	female	not_reported	tcga	66	4.870951	2.0112515	1.651218
Nerve_Tibial-male-asian_gtex	Nerve_Tibial	male	asian	gtex	6	4.678673	2.0935465	1.760211
Skin_NotSunExposed_Suprapubic_-female-black_or_african_american_gtex	Skin_NotSunExposed_Suprapubic_	female	black_or_african_american	gtex	29	4.275176	2.0761789999999998	1.6701409999999999
Brain_Anteriorcingulatecortex_BA24_-female-white_gtex	Brain_Anteriorcingulatecortex_BA24_	female	white	gtex	46	3.5650622499999995	1.97035	1.582007
Adrenal_Gland-female-black_or_african_american_tcga	Adrenal_Gland	female	black_or_african_american	tcga	17	4.545772	2.0288399999999998	1.586576
Thyroid-male-asian_tcga	Thyroid	male	asian	tcga	13	5.063331	1.9606135	1.656864
Bladder-female-white_gtex	Bladder	female	white	gtex	6	4.4653665	2.0542569999999998	1.651155
WholeBlood-male-black_or_african_american_gtex	WholeBlood	male	black_or_african_american	gtex	63	2.9276795	1.917081	1.7770549999999998
Brain_Substantianigra-female-white_gtex	Brain_Substantianigra	female	white	gtex	34	3.180318	1.8846295000000002	1.6011769999999999
Brain_Cortex-female-black_or_african_american_gtex	Brain_Cortex	female	black_or_african_american	gtex	7	3.4449385	1.912391	1.607964
Esophagus-male-not_reported_tcga	Esophagus	male	not_reported	tcga	16	4.372312	1.778159	1.414221
Brain-male-black_or_african_american_tcga	Brain	male	black_or_african_american	tcga	17	4.779747	1.96616	1.580663
Esophagus-male-asian_tcga	Esophagus	male	asian	tcga	35	4.783423	1.831994	1.451444
Heart_LeftVentricle-male-unknown_gtex	Heart_LeftVentricle	male	unknown	gtex	2	3.065721	1.8417689999999998	1.6148705
Artery_Tibial-female-black_or_african_american_gtex	Artery_Tibial	female	black_or_african_american	gtex	29	4.743271999999999	2.053368	1.708366
Brain_Hypothalamus-female-asian_gtex	Brain_Hypothalamus	female	asian	gtex	1	3.665046	1.9474909999999999	1.5184920000000002
Thyroid-male-white_tcga	Thyroid	male	white	tcga	91	4.990106	1.9733315	1.605408
Bladder-female-asian_gtex	Bladder	female	asian	gtex	1	4.104426	2.1257865	1.5899130000000001
Skin_SunExposed_Lowerleg_-male-american_indian_or_alaska_native_gtex	Skin_SunExposed_Lowerleg_	male	american_indian_or_alaska_native	gtex	1	4.4843589999999995	1.9760285	1.597366
Adrenal_Gland-female-white_tcga	Adrenal_Gland	female	white	tcga	119	4.535508500000001	1.9899145000000003	1.608892
Lung-female-black_or_african_american_gtex	Lung	female	black_or_african_american	gtex	24	4.4700115	2.0098682500000002	1.6919735
Skin-male-asian_tcga	Skin	male	asian	tcga	7	4.968007999999999	1.995022	1.611405
Nerve_Tibial-male-white_gtex	Nerve_Tibial	male	white	gtex	354	4.5922695000000004	2.0649569999999997	1.7879475
Thyroid-female-american_indian_or_alaska_native_tcga	Thyroid	female	american_indian_or_alaska_native	tcga	1	4.8018535	1.9899495000000003	1.607421
Ovary-female-unknown_gtex	Ovary	female	unknown	gtex	1	3.9106274999999995	2.010121	1.7099900000000001
Stomach-male-black_or_african_american_tcga	Stomach	male	black_or_african_american	tcga	8	4.7065997500000005	1.8033942500000002	1.4493705000000001
Esophagus-male-white_tcga	Esophagus	male	white	tcga	82	4.48558	1.8094492500000001	1.40649325
SmallIntestine_TerminalIleum-male-unknown_gtex	SmallIntestine_TerminalIleum	male	unknown	gtex	2	4.0763644999999995	2.0667400000000002	1.7137145
Brain_Hypothalamus-female-white_gtex	Brain_Hypothalamus	female	white	gtex	52	3.30378725	1.877494	1.553746
Brain_Substantianigra-female-asian_gtex	Brain_Substantianigra	female	asian	gtex	1	2.6869259999999997	1.7764085	1.43982
Lung-female-american_indian_or_alaska_native_tcga	Lung	female	american_indian_or_alaska_native	tcga	1	5.068232	1.8843565	1.550893
Thymus-male-black_or_african_american_tcga	Thymus	male	black_or_african_american	tcga	3	5.178999	2.194067	1.6674805
Artery_Tibial-male-asian_gtex	Artery_Tibial	male	asian	gtex	7	4.893591000000001	2.0419925	1.7105190000000001
Heart_LeftVentricle-female-white_gtex	Heart_LeftVentricle	female	white	gtex	94	3.182369	1.73387	1.595412
SmallIntestine_TerminalIleum-female-asian_gtex	SmallIntestine_TerminalIleum	female	asian	gtex	1	4.516767	1.9359075	1.6488470000000002
MinorSalivaryGland-female-unknown_gtex	MinorSalivaryGland	female	unknown	gtex	1	4.330353	2.0116099999999997	1.6450464999999999
Kidney-female-asian_tcga	Kidney	female	asian	tcga	8	4.450995	1.8561437500000002	1.53478075
Stomach-male-white_tcga	Stomach	male	white	tcga	149	4.1609435	1.7600995	1.411949
Uterus-female-white_gtex	Uterus	female	white	gtex	113	4.649001999999999	2.098679	1.718745
Pancreas-male-black_or_african_american_gtex	Pancreas	male	black_or_african_american	gtex	26	3.038939	1.81313775	1.5883372500000001
Brain_Nucleusaccumbens_basalganglia_-female-asian_gtex	Brain_Nucleusaccumbens_basalganglia_	female	asian	gtex	1	3.29834	1.8949319999999998	1.509479
Brain_Nucleusaccumbens_basalganglia_-male-black_or_african_american_gtex	Brain_Nucleusaccumbens_basalganglia_	male	black_or_african_american	gtex	18	3.6277792499999997	1.9874355000000001	1.569902
Bile_Duct-male-asian_tcga	Bile_Duct	male	asian	tcga	2	4.619795	1.8835562499999998	1.5866244999999999
Esophagus_GastroesophagealJunction-male-black_or_african_american_gtex	Esophagus_GastroesophagealJunction	male	black_or_african_american	gtex	31	4.424322	2.033626	1.676896
Kidney-female-white_tcga	Kidney	female	white	tcga	225	4.731227	1.8973970000000002	1.5643464999999999
Stomach-male-asian_tcga	Stomach	male	asian	tcga	48	4.0918215	1.7781924999999998	1.3875242499999998
Uterus-female-asian_gtex	Uterus	female	asian	gtex	4	4.723675999999999	2.1036085	1.722953
Artery_Tibial-male-white_gtex	Artery_Tibial	male	white	gtex	374	4.69712975	2.0306154999999997	1.70883725
Adrenal_Gland-female-not_reported_tcga	Adrenal_Gland	female	not_reported	tcga	8	4.180187	1.940254	1.5263360000000001
Heart_LeftVentricle-female-asian_gtex	Heart_LeftVentricle	female	asian	gtex	4	3.5195585	1.876338	1.6252749999999998
SmallIntestine_TerminalIleum-female-white_gtex	SmallIntestine_TerminalIleum	female	white	gtex	58	4.0758615	2.0092885	1.66267625
Colorectal-male-black_or_african_american_tcga	Colorectal	male	black_or_african_american	tcga	28	4.799151999999999	1.9065845	1.58295975
Bile_Duct-male-white_tcga	Bile_Duct	male	white	tcga	14	4.650643499999999	1.918038	1.58027375
Colon_Transverse-male-black_or_african_american_gtex	Colon_Transverse	male	black_or_african_american	gtex	40	4.0195465	1.94393775	1.6167945000000001
Brain-male-american_indian_or_alaska_native_tcga	Brain	male	american_indian_or_alaska_native	tcga	1	5.2404685	2.1418060000000003	1.649304
Brain_Nucleusaccumbens_basalganglia_-female-white_gtex	Brain_Nucleusaccumbens_basalganglia_	female	white	gtex	59	3.414361	1.968718	1.572755
Testis-male-black_or_african_american_tcga	Testis	male	black_or_african_american	tcga	6	4.556020999999999	1.826889	1.584562
Breast--_tcga	Breast			tcga	1	5.484246	2.0433310000000002	1.542222
Liver-male-american_indian_or_alaska_native_tcga	Liver	male	american_indian_or_alaska_native	tcga	2	4.123623	2.1816695	1.6824469999999998
Lymph_Nodes-female-white_tcga	Lymph_Nodes	female	white	tcga	15	4.780158999999999	1.9183849999999998	1.5575934999999999
Cells_EBV_transformedlymphocytes-female-black_or_african_american_gtex	Cells_EBV_transformedlymphocytes	female	black_or_african_american	gtex	12	4.7770015	1.992384	1.6680915
Stomach-male-asian_gtex	Stomach	male	asian	gtex	3	3.452514	1.8117169999999998	1.578531
Uterus-female-asian_tcga	Uterus	female	asian	tcga	4	5.0077425	1.979776	1.612362
Vagina-female-white_gtex	Vagina	female	white	gtex	134	4.295749499999999	2.01683125	1.6842769999999998
Esophagus_Mucosa-female-black_or_african_american_gtex	Esophagus_Mucosa	female	black_or_african_american	gtex	21	4.1981985	1.9314415	1.646247
Adipose_Visceral_Omentum_-male-unknown_gtex	Adipose_Visceral_Omentum_	male	unknown	gtex	7	4.2851894999999995	1.9433395	1.6365975
AdrenalGland-male-asian_gtex	AdrenalGland	male	asian	gtex	3	4.3760595	1.9069094999999998	1.648881
Kidney_Cortex-male-white_gtex	Kidney_Cortex	male	white	gtex	56	3.044385	1.7864725	1.5404352499999998
Cells_Culturedfibroblasts-male-white_gtex	Cells_Culturedfibroblasts	male	white	gtex	283	4.877798	1.9182970000000001	1.630824
Testis-male-black_or_african_american_gtex	Testis	male	black_or_african_american	gtex	39	4.209234	2.2748720000000002	1.6371
Brain_Putamen_basalganglia_-female-asian_gtex	Brain_Putamen_basalganglia_	female	asian	gtex	1	2.402051	1.7609259999999998	1.464537
Thymus-female-black_or_african_american_tcga	Thymus	female	black_or_african_american	tcga	1	5.455545	2.289962	1.676345
MinorSalivaryGland-male-unknown_gtex	MinorSalivaryGland	male	unknown	gtex	2	4.18581625	1.942379	1.6589345
Brain_FrontalCortex_BA9_-female-black_or_african_american_gtex	Brain_FrontalCortex_BA9_	female	black_or_african_american	gtex	4	3.59780625	2.010052	1.57089
Pituitary-female-white_gtex	Pituitary	female	white	gtex	72	4.1402585	2.253812	1.7046705
Brain_Putamen_basalganglia_-female-black_or_african_american_gtex	Brain_Putamen_basalganglia_	female	black_or_african_american	gtex	3	2.8701060000000003	1.850045	1.51834
Cells_EBV_transformedlymphocytes-female-white_gtex	Cells_EBV_transformedlymphocytes	female	white	gtex	48	4.7185365	2.032698	1.6509960000000001
Thymus-female-asian_tcga	Thymus	female	asian	tcga	6	4.318538	2.130515	1.5466229999999999
Brain_Hippocampus-female-black_or_african_american_gtex	Brain_Hippocampus	female	black_or_african_american	gtex	5	3.316121	2.004667	1.593747
Stomach-male-white_gtex	Stomach	male	white	gtex	184	3.376313	1.7819215	1.5477935
Uterus-female-white_tcga	Uterus	female	white	tcga	135	4.725524	1.9635755	1.56065
Prostate-male-unknown_gtex	Prostate	male	unknown	gtex	6	4.3328050000000005	2.119069	1.694993
Kidney_Medulla-female-asian_gtex	Kidney_Medulla	female	asian	gtex	1	3.5819339999999995	1.9568035	1.560534
Lymph_Nodes-female-asian_tcga	Lymph_Nodes	female	asian	tcga	10	4.75416175	2.17479	1.6218685000000002
Brain_CerebellarHemisphere-male-white_gtex	Brain_CerebellarHemisphere	male	white	gtex	139	4.873705	2.443851	1.9036140000000001
Pleura-female-black_or_african_american_tcga	Pleura	female	black_or_african_american	tcga	1	5.23565	2.042528	1.6097055
Pituitary-female-asian_gtex	Pituitary	female	asian	gtex	1	4.358525	2.299068	1.6844845
Thymus-female-white_tcga	Thymus	female	white	tcga	36	4.6294075	2.1052867500000003	1.624263
Pancreas-male-black_or_african_american_tcga	Pancreas	male	black_or_african_american	tcga	3	5.206958	1.8676265	1.528345
Vagina-female-asian_gtex	Vagina	female	asian	gtex	4	4.24766375	2.0219705	1.7205469999999998
AdrenalGland-male-white_gtex	AdrenalGland	male	white	gtex	134	4.0718765	1.91641825	1.612616
Cells_Culturedfibroblasts-male-asian_gtex	Cells_Culturedfibroblasts	male	asian	gtex	3	4.797108000000001	1.9418080000000002	1.647925
AdrenalGland-male-unknown_gtex	AdrenalGland	male	unknown	gtex	2	4.16506675	1.922453	1.6179027499999998
Brain_Putamen_basalganglia_-female-white_gtex	Brain_Putamen_basalganglia_	female	white	gtex	45	3.026828	1.8937945	1.5558645000000002
Brain_Hippocampus-female-white_gtex	Brain_Hippocampus	female	white	gtex	49	3.1091365	1.8560419999999997	1.559961
Colorectal-male-american_indian_or_alaska_native_tcga	Colorectal	male	american_indian_or_alaska_native	tcga	1	4.847471	1.9411610000000001	1.612311
Pancreas-female-white_gtex	Pancreas	female	white	gtex	99	2.9785035	1.8118754999999998	1.576529
Artery_Aorta-male-white_gtex	Artery_Aorta	male	white	gtex	243	4.563606	2.0460135	1.7123359999999999
Stomach-female-white_tcga	Stomach	female	white	tcga	89	4.2061139999999995	1.7335775	1.4459645
Esophagus_Mucosa-male-white_gtex	Esophagus_Mucosa	male	white	gtex	303	4.254652	1.9328	1.6488635
Adrenal_Gland-male-asian_tcga	Adrenal_Gland	male	asian	tcga	2	4.6004005	2.29995925	1.7470539999999999
Bile_Duct-female-black_or_african_american_tcga	Bile_Duct	female	black_or_african_american	tcga	2	5.079965	2.0453870000000003	1.6806565
Artery_Aorta-female-black_or_african_american_gtex	Artery_Aorta	female	black_or_african_american	gtex	20	4.6440465	2.042389	1.6938985000000002
Ovary-female-native_hawaiian_or_other_pacific_islander_tcga	Ovary	female	native_hawaiian_or_other_pacific_islander	tcga	1	4.040345	2.1899965	1.6359515
Liver-male-asian_tcga	Liver	male	asian	tcga	126	4.305848	1.9941339999999999	1.697073
Kidney-female-black_or_african_american_tcga	Kidney	female	black_or_african_american	tcga	52	4.67712075	1.8436012500000003	1.5522685
Pleura-male-white_tcga	Pleura	male	white	tcga	70	4.8536850000000005	1.8786095	1.5476195000000001
Artery_Aorta-male-asian_gtex	Artery_Aorta	male	asian	gtex	4	4.55124625	2.0510585	1.6921025
Cells_Culturedfibroblasts-female-black_or_african_american_gtex	Cells_Culturedfibroblasts	female	black_or_african_american	gtex	21	4.860914	1.87707	1.6185610000000001
Stomach-female-asian_tcga	Stomach	female	asian	tcga	26	4.022743999999999	1.757939	1.3989945000000001
Liver-female-black_or_african_american_tcga	Liver	female	black_or_african_american	tcga	3	4.144913	1.940598	1.673039
Esophagus_Mucosa-male-asian_gtex	Esophagus_Mucosa	male	asian	gtex	4	4.3110865	1.9975725	1.6703735000000002
Adrenal_Gland-male-white_tcga	Adrenal_Gland	male	white	tcga	99	4.5081735	2.001621	1.62745
Brain_Spinalcord_cervicalc_1_-male-white_gtex	Brain_Spinalcord_cervicalc_1_	male	white	gtex	94	3.7369079999999997	1.9347237499999999	1.6459397500000001
Pancreas-female-asian_gtex	Pancreas	female	asian	gtex	4	2.9472377499999998	1.822277	1.602608
Cervix_Ectocervix-female-black_or_african_american_gtex	Cervix_Ectocervix	female	black_or_african_american	gtex	1	4.840415999999999	2.023951	1.6844849999999998
Bone_Marrow-female-black_or_african_american_tcga	Bone_Marrow	female	black_or_african_american	tcga	6	2.8687055	1.8388769999999999	1.7377764999999998
Brain_Cerebellum-male-black_or_african_american_gtex	Brain_Cerebellum	male	black_or_african_american	gtex	16	4.6173655	2.398836	1.879425
Thyroid-male-american_indian_or_alaska_native_gtex	Thyroid	male	american_indian_or_alaska_native	gtex	1	4.588513	2.078634	1.7574470000000002
Liver-male-white_tcga	Liver	male	white	tcga	104	4.3556237499999995	1.9364815	1.7555355
Breast-female-american_indian_or_alaska_native_tcga	Breast	female	american_indian_or_alaska_native	tcga	1	4.658925	1.9722534999999999	1.5360019999999999
Colorectal-female-black_or_african_american_tcga	Colorectal	female	black_or_african_american	tcga	35	4.775703	1.9154655	1.538575
Skin-female-black_or_african_american_tcga	Skin	female	black_or_african_american	tcga	1	4.483746	1.8204425	1.54338
Brain_Hippocampus-male-white_gtex	Brain_Hippocampus	male	white	gtex	130	3.1584847500000004	1.917384	1.5833339999999998
Pleura-male-asian_tcga	Pleura	male	asian	tcga	1	5.159411	2.19462	1.6505675
Esophagus_Muscularis-male-black_or_african_american_gtex	Esophagus_Muscularis	male	black_or_african_american	gtex	40	4.43716125	2.0262105	1.6701287500000002
Thyroid-female-unknown_gtex	Thyroid	female	unknown	gtex	1	4.5913775	2.235553	1.8069369999999998
Cervix_Ectocervix-female-white_gtex	Cervix_Ectocervix	female	white	gtex	8	4.3988545000000006	2.03328	1.6942502499999998
Uterus-female-american_indian_or_alaska_native_tcga	Uterus	female	american_indian_or_alaska_native	tcga	1	4.442067	2.1201735	1.610231
Thyroid-female-black_or_african_american_gtex	Thyroid	female	black_or_african_american	gtex	27	4.4244865	2.1380045	1.7642965
Brain_Caudate_basalganglia_-male-american_indian_or_alaska_native_gtex	Brain_Caudate_basalganglia_	male	american_indian_or_alaska_native	gtex	1	2.2067639999999997	1.6451330000000002	1.4902875
Spleen-female-black_or_african_american_gtex	Spleen	female	black_or_african_american	gtex	13	4.2683305	2.16197	1.747422
Esophagus_GastroesophagealJunction-female-black_or_african_american_gtex	Esophagus_GastroesophagealJunction	female	black_or_african_american	gtex	13	4.378885	2.0049285	1.646823
Prostate-male-not_reported_tcga	Prostate	male	not_reported	tcga	14	4.8200555000000005	2.0559615	1.6212415
Adipose_Subcutaneous-female-black_or_african_american_gtex	Adipose_Subcutaneous	female	black_or_african_american	gtex	30	4.4895249999999995	1.96927325	1.6909625
Bone_Marrow-male-white_tcga	Bone_Marrow	male	white	tcga	75	3.0900935	1.809869	1.6981365000000002
Pancreas-female-asian_tcga	Pancreas	female	asian	tcga	6	4.726564	1.9202905000000001	1.5927265
Brain_Cerebellum-female-black_or_african_american_gtex	Brain_Cerebellum	female	black_or_african_american	gtex	5	4.601319999999999	2.368244	1.836946
Heart_LeftVentricle-male-white_gtex	Heart_LeftVentricle	male	white	gtex	210	2.8694955	1.8013715000000001	1.5485375000000001
Skin_SunExposed_Lowerleg_-male-unknown_gtex	Skin_SunExposed_Lowerleg_	male	unknown	gtex	4	4.326514	1.9692255000000003	1.6866400000000001
Brain_Caudate_basalganglia_-male-black_or_african_american_gtex	Brain_Caudate_basalganglia_	male	black_or_african_american	gtex	19	3.303317	1.996429	1.5985114999999999
Stomach-female-asian_gtex	Stomach	female	asian	gtex	2	3.211836	1.845646	1.5826639999999998
Artery_Aorta-female-white_gtex	Artery_Aorta	female	white	gtex	129	4.578422	2.025052	1.6943665
Liver-female-black_or_african_american_gtex	Liver	female	black_or_african_american	gtex	4	3.58892975	1.98632925	1.7424795
Nerve_Tibial-female-black_or_african_american_gtex	Nerve_Tibial	female	black_or_african_american	gtex	29	4.623765000000001	2.0920905	1.7775900000000002
Eye-male-not_reported_tcga	Eye	male	not_reported	tcga	15	4.546287	2.028524	1.6572060000000002
Pituitary-female-black_or_african_american_gtex	Pituitary	female	black_or_african_american	gtex	6	4.12889225	2.28154025	1.7408709999999998
Kidney-male-not_reported_tcga	Kidney	male	not_reported	tcga	20	4.522897	1.9225125	1.590437
Kidney_Cortex-female-black_or_african_american_gtex	Kidney_Cortex	female	black_or_african_american	gtex	1	4.3093129999999995	2.033153	1.702179
Colorectal-female-asian_tcga	Colorectal	female	asian	tcga	2	5.1694587499999995	2.1049355	1.654303
Thyroid-female-black_or_african_american_tcga	Thyroid	female	black_or_african_american	tcga	21	5.204353	2.0255479999999997	1.6138655
Spleen-female-white_gtex	Spleen	female	white	gtex	72	4.51214575	2.2549514999999998	1.75970375
Colon_Sigmoid-female-white_gtex	Colon_Sigmoid	female	white	gtex	113	4.384405999999999	2.0192725	1.668987
Liver-male-white_gtex	Liver	male	white	gtex	143	3.3896495	1.9442279999999998	1.7630620000000001
Vagina-female-black_or_african_american_gtex	Vagina	female	black_or_african_american	gtex	18	4.28930325	1.986755	1.646636
Brain-female-asian_tcga	Brain	female	asian	tcga	4	4.97772975	2.021331	1.6754065
Esophagus_Muscularis-female-black_or_african_american_gtex	Esophagus_Muscularis	female	black_or_african_american	gtex	24	4.60810025	2.001779	1.6794365
Head_and_Neck-female-asian_tcga	Head_and_Neck	female	asian	tcga	4	4.718153	1.9921924999999998	1.6359499999999998
Artery_Aorta-female-asian_gtex	Artery_Aorta	female	asian	gtex	4	4.634599	2.06848	1.7064405000000002
Stomach-female-white_gtex	Stomach	female	white	gtex	113	3.3453665	1.820776	1.5576775
Pancreas-female-white_tcga	Pancreas	female	white	tcga	68	4.628150000000001	1.850269	1.520182
Lung-male-american_indian_or_alaska_native_gtex	Lung	male	american_indian_or_alaska_native	gtex	1	5.001816	2.0621105	1.702495
Heart_LeftVentricle-male-asian_gtex	Heart_LeftVentricle	male	asian	gtex	2	3.14845975	1.83865575	1.6291955000000002
Colon_Sigmoid-female-asian_gtex	Colon_Sigmoid	female	asian	gtex	4	4.627479	2.050924	1.67074875
Liver-male-asian_gtex	Liver	male	asian	gtex	2	3.75633	2.00456775	1.7426015
Brain-female-white_tcga	Brain	female	white	tcga	271	4.879977	1.9586305	1.606103
Brain_CerebellarHemisphere-female-black_or_african_american_gtex	Brain_CerebellarHemisphere	female	black_or_african_american	gtex	5	4.73148	2.5441979999999997	1.863933
Stomach-male-native_hawaiian_or_other_pacific_islander_tcga	Stomach	male	native_hawaiian_or_other_pacific_islander	tcga	1	4.582117	1.9779490000000002	1.4818775
Head_and_Neck-female-white_tcga	Head_and_Neck	female	white	tcga	120	4.9637875000000005	1.9096972499999998	1.652361
Colorectal-female-white_tcga	Colorectal	female	white	tcga	124	4.947243500000001	1.98436025	1.5604305
Brain_FrontalCortex_BA9_-male-white_gtex	Brain_FrontalCortex_BA9_	male	white	gtex	135	4.0629705	2.0335810000000003	1.622067
Spleen-female-asian_gtex	Spleen	female	asian	gtex	2	4.3009125	2.03271925	1.7564899999999999
